Rule ID,Resource ID,Compliance,Exception Reason,Rule Level,Rule Info
"AwsSolutions-VPC7","BrainstormAI-StorageStack/Vpc/Resource","Suppressed","VPC Flow Logs omitted for sample application to reduce cost and operational overhead. Production deployments should enable flow logs.","Error","The VPC does not have an associated Flow Log."
"AwsSolutions-S1","BrainstormAI-StorageStack/AccessLogsBucket/Resource","Compliant","N/A","Error","The S3 Bucket has server access logs disabled."
"AwsSolutions-S2","BrainstormAI-StorageStack/AccessLogsBucket/Resource","Compliant","N/A","Error","The S3 Bucket does not have public access restricted and blocked."
"AwsSolutions-S5","BrainstormAI-StorageStack/AccessLogsBucket/Resource","Compliant","N/A","Error","The S3 static website bucket either has an open world bucket policy or does not use a CloudFront Origin Access Identity (OAI) in the bucket policy for limited getObject and/or putObject permissions."
"AwsSolutions-S10","BrainstormAI-StorageStack/AccessLogsBucket/Resource","Compliant","N/A","Error","The S3 Bucket or bucket policy does not require requests to use SSL."
"AwsSolutions-S10","BrainstormAI-StorageStack/AccessLogsBucket/Policy/Resource","Compliant","N/A","Error","The S3 Bucket or bucket policy does not require requests to use SSL."
"AwsSolutions-S1","BrainstormAI-StorageStack/AssetsBucket/Resource","Compliant","N/A","Error","The S3 Bucket has server access logs disabled."
"AwsSolutions-S2","BrainstormAI-StorageStack/AssetsBucket/Resource","Compliant","N/A","Error","The S3 Bucket does not have public access restricted and blocked."
"AwsSolutions-S5","BrainstormAI-StorageStack/AssetsBucket/Resource","Compliant","N/A","Error","The S3 static website bucket either has an open world bucket policy or does not use a CloudFront Origin Access Identity (OAI) in the bucket policy for limited getObject and/or putObject permissions."
"AwsSolutions-S10","BrainstormAI-StorageStack/AssetsBucket/Resource","Compliant","N/A","Error","The S3 Bucket or bucket policy does not require requests to use SSL."
"AwsSolutions-S10","BrainstormAI-StorageStack/AssetsBucket/Policy/Resource","Compliant","N/A","Error","The S3 Bucket or bucket policy does not require requests to use SSL."
"AwsSolutions-DDB3","BrainstormAI-StorageStack/NotebooksTable/Resource","Suppressed","Point-in-time recovery not enabled for this sample application. Production deployments should enable PITR on all tables.","Warning","The DynamoDB table does not have Point-in-time Recovery enabled."
"AwsSolutions-DDB3","BrainstormAI-StorageStack/SourcesTable/Resource","Suppressed","Point-in-time recovery not enabled for this sample application. Production deployments should enable PITR on all tables.","Warning","The DynamoDB table does not have Point-in-time Recovery enabled."
"AwsSolutions-DDB3","BrainstormAI-StorageStack/JobsTable/Resource","Suppressed","Point-in-time recovery not enabled for this sample application. Production deployments should enable PITR on all tables.","Warning","The DynamoDB table does not have Point-in-time Recovery enabled."
"AwsSolutions-DDB3","BrainstormAI-StorageStack/UserJobCountTable/Resource","Suppressed","Point-in-time recovery not enabled for this sample application. Production deployments should enable PITR on all tables.","Warning","The DynamoDB table does not have Point-in-time Recovery enabled."
"AwsSolutions-DDB3","BrainstormAI-StorageStack/ArtifactsTable/Resource","Suppressed","Point-in-time recovery not enabled for this sample application. Production deployments should enable PITR on all tables.","Warning","The DynamoDB table does not have Point-in-time Recovery enabled."
"AwsSolutions-DDB3","BrainstormAI-StorageStack/WsConnectionsTable/Resource","Suppressed","Point-in-time recovery not enabled for this sample application. Production deployments should enable PITR on all tables.","Warning","The DynamoDB table does not have Point-in-time Recovery enabled."
"AwsSolutions-DDB3","BrainstormAI-StorageStack/PodcastSessionsTable/Resource","Suppressed","Point-in-time recovery not enabled for this sample application. Production deployments should enable PITR on all tables.","Warning","The DynamoDB table does not have Point-in-time Recovery enabled."
"AwsSolutions-EC23","BrainstormAI-StorageStack/DbSecurityGroup/Resource","Compliant","N/A","Error","The Security Group allows for 0.0.0.0/0 or ::/0 inbound access."
"AwsSolutions-EC27","BrainstormAI-StorageStack/DbSecurityGroup/Resource","Compliant","N/A","Error","The Security Group does not have a description."
"AwsSolutions-SMG4","BrainstormAI-StorageStack/DbSecret/Resource","Suppressed","Automatic secret rotation not configured for sample application. Production deployments should enable rotation.","Error","The secret does not have automatic rotation scheduled."
"AwsSolutions-RDS2","BrainstormAI-StorageStack/Database/Resource","Compliant","N/A","Error","The RDS instance or Aurora DB cluster does not have storage encryption enabled."
"AwsSolutions-RDS3","BrainstormAI-StorageStack/Database/Resource","Suppressed","Multi-AZ not required for sample application. Production deployments should enable multi-AZ for high availability.","Error","The non-Aurora RDS DB instance does not have multi-AZ support enabled."
"AwsSolutions-RDS10","BrainstormAI-StorageStack/Database/Resource","Compliant","N/A","Error","The RDS instance or Aurora DB cluster does not have deletion protection enabled."
"AwsSolutions-RDS11","BrainstormAI-StorageStack/Database/Resource","Suppressed","Default PostgreSQL port used for simplicity in this sample. Production deployments should use a non-default port.","Error","The RDS instance or Aurora DB cluster uses the default endpoint port."
"AwsSolutions-RDS13","BrainstormAI-StorageStack/Database/Resource","Compliant","N/A","Error","The RDS instance is not configured for automated backups."
